id,province,city,latitude,longitude
1101,11,KABUPATEN SIMEULUE,2.6290312,96.02207792472555
1102,11,KABUPATEN ACEH SINGKIL,5.074529,97.294922
1103,11,KABUPATEN ACEH SELATAN,2.40983735,96.4441330296882
1104,11,KABUPATEN ACEH TENGGARA,3.402511,97.692707
1105,11,KABUPATEN ACEH TIMUR,4.9271201,97.7886196
1106,11,KABUPATEN ACEH TENGAH,4.400677,96.969028
1107,11,KABUPATEN ACEH BARAT,3.7401544,96.851015
1108,11,KABUPATEN ACEH BESAR,5.275127,95.25157
1109,11,KABUPATEN PIDIE,3.7401544,96.851015
1110,11,KABUPATEN BIREUEN,5.20479455,96.67909099149406
1111,11,KABUPATEN ACEH UTARA,5.0670824,97.31001077410286
1112,11,KABUPATEN ACEH BARAT DAYA,3.7401544,96.851015
1113,11,KABUPATEN GAYO LUES,3.994424,97.305295
1114,11,KABUPATEN ACEH TAMIANG,4.09989,97.970581
1115,11,KABUPATEN NAGAN RAYA,3.9692184,96.6522179
1116,11,KABUPATEN ACEH JAYA,4.6228734,95.6183264263583
1117,11,KABUPATEN BENER MERIAH,4.715961,96.860472
1118,11,KABUPATEN PIDIE JAYA,5.116285,96.214071
1171,11,KOTA BANDA ACEH,5.56662895,95.34271948869954
1172,11,KOTA SABANG,5.8927453,95.3225751
1173,11,KOTA LANGSA,4.47158865,97.97375247454653
1174,11,KOTA LHOKSEUMAWE,5.180477,97.14038067158364
1175,11,KOTA SUBULUSSALAM,-8.6813202,116.2828
1201,12,KABUPATEN NIAS,1.16667915,97.96929227407506
1202,12,KABUPATEN MANDAILING NATAL,0.7456754999999999,99.2188578794001
1203,12,KABUPATEN TAPANULI SELATAN,1.5510869,99.21175710833333
1204,12,KABUPATEN TAPANULI TENGAH,1.82312845,98.27976773073217
1205,12,KABUPATEN TAPANULI UTARA,1.9980604,99.06476586250315
1206,12,KABUPATEN TOBA SAMOSIR,2.425432,99.109542
1207,12,KABUPATEN LABUHAN BATU,0.40067985,103.15217848516806
1208,12,KABUPATEN ASAHAN,3.1127636,99.94169218698525
1209,12,KABUPATEN SIMALUNGUN,2.9505160999999998,98.78353062383172
1210,12,KABUPATEN DAIRI,2.83532105,98.28450159467039
1211,12,KABUPATEN KARO,3.09987505,98.33697063830981
1212,12,KABUPATEN DELI SERDANG,3.69524335,98.8310744882268
1213,12,KABUPATEN LANGKAT,3.8293858,98.24834954457486
1214,12,KABUPATEN NIAS SELATAN,0.0680552,98.26223886860505
1215,12,KABUPATEN HUMBANG HASUNDUTAN,2.2475810000000003,98.60101988220362
1216,12,KABUPATEN PAKPAK BHARAT,2.52988165,98.26785829127267
1217,12,KABUPATEN SAMOSIR,2.54469535,98.57191376246578
1218,12,KABUPATEN SERDANG BEDAGAI,3.5931148,99.15833094660226
1219,12,KABUPATEN BATU BARA,3.5723293,99.63534445804413
1220,12,KABUPATEN PADANG LAWAS UTARA,1.6364047,99.69103752459654
1221,12,KABUPATEN PADANG LAWAS,1.1527631500000002,99.81547692513078
1222,12,KABUPATEN LABUHAN BATU SELATAN,-7.1895,113.4558
1223,12,KABUPATEN LABUHAN BATU UTARA,-7.19886,113.49658
1224,12,KABUPATEN NIAS UTARA,1.37475605,97.14456926033733
1225,12,KABUPATEN NIAS BARAT,0.8964868,97.343326824871
1271,12,KOTA SIBOLGA,1.7386192999999999,98.78991099761416
1272,12,KOTA TANJUNG BALAI,2.97280325,99.79461100229092
1273,12,KOTA PEMATANG SIANTAR,2.9588631,99.0653646
1274,12,KOTA TEBING TINGGI,3.3280819,99.15652857678585
1275,12,KOTA MEDAN,3.5896654,98.6738261
1276,12,KOTA BINJAI,3.5999998499999997,98.48962252562653
1277,12,KOTA PADANGSIDIMPUAN,1.3359692,99.3028029
1278,12,KOTA GUNUNGSITOLI,1.2900569,97.6150768
1301,13,KABUPATEN KEPULAUAN MENTAWAI,-2.073299,99.602656
1302,13,KABUPATEN PESISIR SELATAN,-1.7185793500000002,100.92702485095103
1303,13,KABUPATEN SOLOK,-0.9310300499999999,100.80432799419026
1304,13,KABUPATEN SIJUNJUNG,-0.6964425,100.9936303
1305,13,KABUPATEN TANAH DATAR,-0.46899599999999997,100.6361603130247
1306,13,KABUPATEN PADANG PARIAMAN,-0.56909175,100.27702620276852
1307,13,KABUPATEN AGAM,-0.2547205,100.17003113862154
1308,13,KABUPATEN LIMA PULUH KOTA,0.02785495,100.59130824831114
1309,13,KABUPATEN PASAMAN,0.39740475,100.02497890680502
1310,13,KABUPATEN SOLOK SELATAN,-1.5573292,101.239478
1311,13,KABUPATEN DHARMASRAYA,-1.2586300000000001,101.5799056323597
1312,13,KABUPATEN PASAMAN BARAT,0.18753815000000001,99.69351567782829
1371,13,KOTA PADANG,-0.9247587,100.3632561
1372,13,KOTA SOLOK,-0.7991165,100.6529829
1373,13,KOTA SAWAH LUNTO,-0.606795,100.757641
1374,13,KOTA PADANG PANJANG,-0.4654636,100.3932441
1375,13,KOTA BUKITTINGGI,-0.3051954,100.3694921
1376,13,KOTA PAYAKUMBUH,-0.2242687,100.6319419
1377,13,KOTA PARIAMAN,-0.6263889,100.1177778
1401,14,KABUPATEN KUANTAN SINGINGI,-0.4937967,101.48973567577298
1402,14,KABUPATEN INDRAGIRI HULU,-0.49789785,102.30081355340818
1403,14,KABUPATEN INDRAGIRI HILIR,-0.27088504999999996,103.32845658847006
1404,14,KABUPATEN PELALAWAN,0.23840090000000003,102.25491300927563
1405,14,KABUPATEN SIAK,-0.836778,100.649581
1406,14,KABUPATEN KAMPAR,0.31997325,101.06171228401269
1407,14,KABUPATEN ROKAN HULU,0.8919457,100.46651555651417
1408,14,KABUPATEN BENGKALIS,1.76972265,101.91243842805495
1409,14,KABUPATEN ROKAN HILIR,2.1590570500000004,100.68737754944272
1410,14,KABUPATEN KEPULAUAN MERANTI,1.0613049,102.70188216161586
1471,14,KOTA PEKANBARU,0.5262455,101.4515727
1473,14,KOTA DUMAI,-5.420037,105.277223
1501,15,KABUPATEN KERINCI,-2.0633382,101.60049438244093
1502,15,KABUPATEN MERANGIN,-2.20844725,102.11710643989184
1503,15,KABUPATEN SAROLANGUN,-2.3312458,102.62753289964513
1504,15,KABUPATEN BATANG HARI,-1.7180001,103.26470235
1505,15,KABUPATEN MUARO JAMBI,-1.7076543499999999,103.78608017766149
1506,15,KABUPATEN TANJUNG JABUNG TIMUR,-1.17728865,104.228481773879
1507,15,KABUPATEN TANJUNG JABUNG BARAT,-0.9831039500000001,103.26924725298417
1508,15,KABUPATEN TEBO,-1.3884531,102.44058987594906
1509,15,KABUPATEN BUNGO,-1.5151875499999998,101.9989364777984
1571,15,KOTA JAMBI,-1.6296917,103.6077806
1572,15,KOTA SUNGAI PENUH,-2.0706799,101.3961054
1601,16,KABUPATEN OGAN KOMERING ULU,-4.1101012,104.00828376734528
1602,16,KABUPATEN OGAN KOMERING ILIR,-3.32885385,105.39978661591645
1603,16,KABUPATEN MUARA ENIM,-3.84670675,103.96157194770801
1604,16,KABUPATEN LAHAT,-3.87934575,103.41408633497844
1605,16,KABUPATEN MUSI RAWAS,-3.17575595,103.25001093605792
1606,16,KABUPATEN MUSI BANYUASIN,-2.49093405,103.7048186413551
1607,16,KABUPATEN BANYU ASIN,5.94556,121.25528
1608,16,KABUPATEN OGAN KOMERING ULU SELATAN,-4.5702304,103.92495365763118
1609,16,KABUPATEN OGAN KOMERING ULU TIMUR,-4.11600925,104.55848109942238
1610,16,KABUPATEN OGAN ILIR,-3.39816945,104.65249983252004
1611,16,KABUPATEN EMPAT LAWANG,-3.7154833,102.93247238633131
1612,16,KABUPATEN PENUKAL ABAB LEMATANG ILIR,-3.21399505,104.0076940890376
1613,16,KABUPATEN MUSI RAWAS UTARA,-2.7351502,102.9014652
1671,16,KOTA PALEMBANG,-3.0051741,104.8197447
1672,16,KOTA PRABUMULIH,-3.4382688,104.2310181
1673,16,KOTA PAGAR ALAM,-4.0209526,103.2501603
1674,16,KOTA LUBUKLINGGAU,-3.2919136,102.8715732
1701,17,KABUPATEN BENGKULU SELATAN,-4.3589877,103.00203887965941
1702,17,KABUPATEN REJANG LEBONG,-3.4389041000000002,102.69848531445534
1703,17,KABUPATEN BENGKULU UTARA,-3.1891332500000003,101.85764183852012
1704,17,KABUPATEN KAUR,-4.5905275,103.36526129380955
1705,17,KABUPATEN SELUMA,-4.076826499999999,102.67178672180137
1706,17,KABUPATEN MUKOMUKO,-2.7082421500000002,101.56853428716138
1707,17,KABUPATEN LEBONG,-3.0534765999999998,102.20899369779096
1708,17,KABUPATEN KEPAHIANG,-3.64793635,102.66613926899818
1709,17,KABUPATEN BENGKULU TENGAH,-3.6712272500000003,102.3875619282469
1771,17,KOTA BENGKULU,-3.7922858,102.2623797
1801,18,KABUPATEN LAMPUNG BARAT,-5.111704,104.3057866714262
1802,18,KABUPATEN TANGGAMUS,-5.51405375,104.77714350239212
1803,18,KABUPATEN LAMPUNG SELATAN,-5.54148865,105.51100092534513
1804,18,KABUPATEN LAMPUNG TIMUR,-5.119711649999999,105.59515146938611
1805,18,KABUPATEN LAMPUNG TENGAH,-4.8728473,105.32601289261834
1806,18,KABUPATEN LAMPUNG UTARA,-4.8086085,104.8628814822757
1807,18,KABUPATEN WAY KANAN,-4.56694035,104.51616024455134
1808,18,KABUPATEN TULANGBAWANG,-5.31233,105.75854
1809,18,KABUPATEN PESAWARAN,-5.4559573,105.08469101016075
1810,18,KABUPATEN PRINGSEWU,-5.36668925,104.97221206481078
1811,18,KABUPATEN MESUJI,-3.97541905,105.37494356303489
1812,18,KABUPATEN TULANG BAWANG BARAT,-4.43242555,105.16826426180435
1813,18,KABUPATEN PESISIR BARAT,-5.3669442499999995,104.18664171357318
1871,18,KOTA BANDAR LAMPUNG,-5.4195366,105.2726089
1872,18,KOTA METRO,-5.1147324,105.30833345295349
1901,19,KABUPATEN BANGKA,-1.9250896,105.93652078561858
1902,19,KABUPATEN BELITUNG,-2.88428125,107.6631595873786
1903,19,KABUPATEN BANGKA BARAT,-1.8412375,105.55187121706234
1904,19,KABUPATEN BANGKA TENGAH,-2.43051555,106.1001552655625
1905,19,KABUPATEN BANGKA SELATAN,-2.77689755,106.29395838150067
1906,19,KABUPATEN BELITUNG TIMUR,-2.9164574,108.00372175752332
1971,19,KOTA PANGKAL PINANG,-2.0893249,106.0497483
2101,21,KABUPATEN KARIMUN,0.76538705,103.42874447233233
2102,21,KABUPATEN BINTAN,1.01965765,104.56981887122059
2103,21,KABUPATEN NATUNA,3.93051655,108.19015031384608
2104,21,KABUPATEN LINGGA,-0.5094966000000001,104.41416137114891
2105,21,KABUPATEN KEPULAUAN ANAMBAS,2.93890105,105.76025801074812
2171,21,KOTA BATAM,-6.172409,107.040641
2172,21,KOTA TANJUNG PINANG,0.92474,104.4414234
3101,31,KABUPATEN KEPULAUAN SERIBU,-5.9791133,106.7078001
3171,31,KOTA JAKARTA SELATAN,-6.1866814,106.8077704
3172,31,KOTA JAKARTA TIMUR,-6.1362118500000005,106.84770365441145
3173,31,KOTA JAKARTA PUSAT,-6.221442,106.80367267185952
3174,31,KOTA JAKARTA BARAT,-6.1375828,106.8146203
3175,31,KOTA JAKARTA UTARA,-6.158627,106.7565728
3201,32,KABUPATEN BOGOR,-6.5453255,107.00174246832204
3202,32,KABUPATEN SUKABUMI,-7.0764508500000005,106.73466084756481
3203,32,KABUPATEN CIANJUR,-7.0542441,107.06914276067964
3204,32,KABUPATEN BANDUNG,-7.06134235,107.63428834299468
3205,32,KABUPATEN GARUT,-7.2162543,107.9014912
3206,32,KABUPATEN TASIKMALAYA,-7.42717075,108.06842308702183
3207,32,KABUPATEN CIAMIS,-7.313159300000001,108.40489379583816
3208,32,KABUPATEN KUNINGAN,-6.9869841,108.5538158340074
3209,32,KABUPATEN CIREBON,-6.7611892000000005,108.45642319654783
3210,32,KABUPATEN MAJALENGKA,-6.8073627,108.27878604491181
3211,32,KABUPATEN SUMEDANG,-6.80987135,107.98177315918636
3212,32,KABUPATEN INDRAMAYU,-6.4418536500000005,108.17654724128828
3213,32,KABUPATEN SUBANG,-6.49838875,107.73954601355435
3214,32,KABUPATEN PURWAKARTA,-6.5914091,107.4020278724934
3215,32,KABUPATEN KARAWANG,-6.26491135,107.4294212855797
3216,32,KABUPATEN BEKASI,-6.2027897,107.16491614099692
3217,32,KABUPATEN BANDUNG BARAT,-6.89775405,107.41242936450845
3218,32,KABUPATEN PANGANDARAN,-7.6407968,108.55672882792379
3271,32,KOTA BOGOR,-6.5962986,106.7972421
3272,32,KOTA SUKABUMI,-6.9199289,106.9265095
3273,32,KOTA BANDUNG,-6.9215529,107.6110212
3274,32,KOTA CIREBON,-6.7137044,108.5608483
3275,32,KOTA BEKASI,-6.2626649,107.1502914
3276,32,KOTA DEPOK,-6.40719,106.8158371
3277,32,KOTA CIMAHI,-6.8731527,107.5423099
3278,32,KOTA TASIKMALAYA,-7.3262484,108.2201154
3279,32,KOTA BANJAR,-3.3187496,114.5925828
3301,33,KABUPATEN CILACAP,-7.46167105,108.80461463117007
3302,33,KABUPATEN BANYUMAS,-7.45507165,109.11674648495966
3303,33,KABUPATEN PURBALINGGA,-7.32733005,109.39989874266684
3304,33,KABUPATEN BANJARNEGARA,-7.355873300000001,109.66007275599358
3305,33,KABUPATEN KEBUMEN,-7.6686894,109.6519465
3306,33,KABUPATEN PURWOREJO,-7.7130761,110.0090605
3307,33,KABUPATEN WONOSOBO,-7.39979995,109.92096446847731
3308,33,KABUPATEN MAGELANG,-7.51361445,110.2145132553504
3309,33,KABUPATEN BOYOLALI,-7.387211799999999,110.70386905900187
3310,33,KABUPATEN KLATEN,-7.67322225,110.6285188463433
3311,33,KABUPATEN SUKOHARJO,-7.68152145,110.86774249942229
3312,33,KABUPATEN WONOGIRI,-7.9620507,110.95757325155418
3313,33,KABUPATEN KARANGANYAR,-7.6196965,111.06980026754411
3314,33,KABUPATEN SRAGEN,-7.3924563,110.95302317792749
3315,33,KABUPATEN GROBOGAN,-7.09809465,110.89667670375852
3316,33,KABUPATEN BLORA,-6.9691528,111.4130521
3317,33,KABUPATEN REMBANG,-6.76986355,111.45567087811551
3318,33,KABUPATEN PATI,-6.707092449999999,111.08700759039746
3319,33,KABUPATEN KUDUS,-6.8078233,110.8416866
3320,33,KABUPATEN JEPARA,-6.5899148,110.6672987
3321,33,KABUPATEN DEMAK,-6.9229075,110.63509725731818
3322,33,KABUPATEN SEMARANG,-7.28765615,110.40194273525398
3323,33,KABUPATEN TEMANGGUNG,-7.2397576,110.12166479843259
3324,33,KABUPATEN KENDAL,-7.01909655,110.13747567422602
3325,33,KABUPATEN BATANG,-6.8752748,109.052001
3326,33,KABUPATEN PEKALONGAN,-7.0418471,109.61988748140061
3327,33,KABUPATEN PEMALANG,-7.0110802,109.39140368595727
3328,33,KABUPATEN TEGAL,-7.05644335,109.13157658590205
3329,33,KABUPATEN BREBES,-7.05207115,108.88813597074842
3371,33,KOTA MAGELANG,-7.4770747,110.2182164
3372,33,KOTA SURAKARTA,-7.5692489,110.828448
3373,33,KOTA SALATIGA,-7.3302642,110.4995353
3374,33,KOTA SEMARANG,-6.9903988,110.4229104
3375,33,KOTA PEKALONGAN,-6.894186700000001,109.67552211340356
3376,33,KOTA TEGAL,-6.86981145,109.11506461278614
3401,34,KABUPATEN KULON PROGO,-7.8123076000000005,110.14798278891979
3402,34,KABUPATEN BANTUL,-7.89825435,110.38555335898621
3403,34,KABUPATEN GUNUNG KIDUL,-7.9930377,110.55793090404615
3404,34,KABUPATEN SLEMAN,-7.6894175,110.38129042693123
3471,34,KOTA YOGYAKARTA,-7.8011998,110.3646608
3501,35,KABUPATEN PACITAN,-8.1017184,111.14467109984247
3502,35,KABUPATEN PONOROGO,-7.97122665,111.49889293326967
3503,35,KABUPATEN TRENGGALEK,-8.13593475,111.64019829777817
3504,35,KABUPATEN TULUNGAGUNG,-8.07290355,111.89964078880708
3505,35,KABUPATEN BLITAR,-8.1311983,112.31155717762763
3506,35,KABUPATEN KEDIRI,-7.80262535,112.16863146094127
3507,35,KABUPATEN MALANG,-8.10479815,112.68798721390587
3508,35,KABUPATEN LUMAJANG,-8.135205,113.2244162
3509,35,KABUPATEN JEMBER,-8.1688563,113.7021772
3510,35,KABUPATEN BANYUWANGI,-8.3325711,114.14157903949865
3511,35,KABUPATEN BONDOWOSO,-7.9451279,113.88205897169037
3512,35,KABUPATEN SITUBONDO,-7.7067843,114.0054142
3513,35,KABUPATEN PROBOLINGGO,-7.86316,113.30510534699638
3514,35,KABUPATEN PASURUAN,-7.7508114,112.81848297670143
3515,35,KABUPATEN SIDOARJO,-7.45597405,112.66088771295344
3516,35,KABUPATEN MOJOKERTO,-7.54133775,112.50949745736571
3517,35,KABUPATEN JOMBANG,-7.561464,112.24130435297603
3518,35,KABUPATEN NGANJUK,-7.61501615,111.94650745492764
3519,35,KABUPATEN MADIUN,-7.61188765,111.67319262808837
3520,35,KABUPATEN MAGETAN,-7.6542489,111.33605653488618
3521,35,KABUPATEN NGAWI,-7.402722,111.4443448
3522,35,KABUPATEN BOJONEGORO,-7.22787145,111.81462004686449
3523,35,KABUPATEN TUBAN,-6.8962656,112.0650714
3524,35,KABUPATEN LAMONGAN,-7.1229318500000005,112.32819354965417
3525,35,KABUPATEN GRESIK,-5.79334655,112.6598223201143
3526,35,KABUPATEN BANGKALAN,-7.04637245,112.89625027008556
3527,35,KABUPATEN SAMPANG,-7.05781575,113.25405409767842
3528,35,KABUPATEN PAMEKASAN,-7.1605439,113.4826273
3529,35,KABUPATEN SUMENEP,-7.006745,113.8598666
3571,35,KOTA KEDIRI,-7.8111057,112.0046051
3572,35,KOTA BLITAR,-8.0982442,112.1650769
3573,35,KOTA MALANG,-7.9771308,112.6340265
3574,35,KOTA PROBOLINGGO,-7.7441461,113.2158401
3575,35,KOTA PASURUAN,-7.6399593,112.9070632
3576,35,KOTA MOJOKERTO,-7.4631537,112.4319852
3577,35,KOTA MADIUN,-7.6290837,111.5168819
3578,35,KOTA SURABAYA,-7.2430228,112.7421627
3579,35,KOTA BATU,-7.8711667,112.5269482
3601,36,KABUPATEN PANDEGLANG,-6.547376549999999,105.79948786292081
3602,36,KABUPATEN LEBAK,-6.6432601,106.18727177777018
3603,36,KABUPATEN TANGERANG,-6.1644013,106.4679311
3604,36,KABUPATEN SERANG,-6.10549695,105.9884713457985
3671,36,KOTA TANGERANG,-6.1761924,106.6382161
3672,36,KOTA CILEGON,-6.017389,106.0537688
3673,36,KOTA SERANG,-6.3981664,107.11571522832257
3674,36,KOTA TANGERANG SELATAN,-6.28736815,106.67278024053091
5101,51,KABUPATEN JEMBRANA,-8.3955784,114.70546114941027
5102,51,KABUPATEN TABANAN,-8.5566523,115.00131214613668
5103,51,KABUPATEN BADUNG,-8.644872450000001,115.13590456876861
5104,51,KABUPATEN GIANYAR,-8.70451175,115.35232183794045
5105,51,KABUPATEN KLUNGKUNG,-8.74460265,115.55754419275121
5106,51,KABUPATEN BANGLI,-8.333336200000002,115.36828121658453
5107,51,KABUPATEN KARANG ASEM,-8.0075322,110.7531585
5108,51,KABUPATEN BULELENG,-7.8428262,115.19702946173408
5171,51,KOTA DENPASAR,-8.6567215,115.21826192746171
5201,52,KABUPATEN LOMBOK BARAT,-8.6718889,116.122048
5202,52,KABUPATEN LOMBOK TENGAH,-8.703071,116.2899373
5203,52,KABUPATEN LOMBOK TIMUR,-8.6330934,116.5587704
5204,52,KABUPATEN SUMBAWA,-8.4802535,117.4081495
5205,52,KABUPATEN DOMPU,-8.53527495,118.46418967072961
5206,52,KABUPATEN BIMA,-8.5637593,118.6719665
5207,52,KABUPATEN SUMBAWA BARAT,-8.746143,116.852713
5208,52,KABUPATEN LOMBOK UTARA,-8.3572425,116.1609208
5271,52,KOTA MATARAM,-8.5837726,116.10685
5272,52,KOTA BIMA,-8.4534091,118.727689
5301,53,KABUPATEN SUMBA BARAT,-9.58570915,119.44394260619363
5302,53,KABUPATEN SUMBA TIMUR,-9.8342576,120.2094194
5303,53,KABUPATEN KUPANG,-9.852824,123.87939078246231
5304,53,KABUPATEN TIMOR TENGAH SELATAN,-9.82305125,124.43559530205364
5305,53,KABUPATEN TIMOR TENGAH UTARA,-9.340513000000001,124.61066614859645
5306,53,KABUPATEN BELU,-9.175972,124.91635368029272
5307,53,KABUPATEN ALOR,-8.291144849999998,124.7777164000955
5308,53,KABUPATEN LEMBATA,-8.37814435,123.54462658999077
5309,53,KABUPATEN FLORES TIMUR,-8.318462,123.16579632309583
5310,53,KABUPATEN SIKKA,-8.5946841,122.09263522276441
5311,53,KABUPATEN ENDE,-8.672867499999999,121.69291732410474
5312,53,KABUPATEN NGADA,-8.6499482,120.98670703234544
5313,53,KABUPATEN MANGGARAI,-8.5480146,120.43898618548442
5314,53,KABUPATEN ROTE NDAO,-10.68702915,123.20843503116711
5315,53,KABUPATEN MANGGARAI BARAT,-8.5741281,120.06112521397347
5316,53,KABUPATEN SUMBA TENGAH,-9.5935839,119.66627706284194
5317,53,KABUPATEN SUMBA BARAT DAYA,-9.537821000000001,119.16230194503791
5318,53,KABUPATEN NAGEKEO,-8.67588695,121.27080266734956
5319,53,KABUPATEN MANGGARAI TIMUR,-8.57382735,120.6863591076901
5320,53,KABUPATEN SABU RAIJUA,-10.52223145,121.88845836848473
5321,53,KABUPATEN MALAKA,-9.546016649999999,124.87635324295294
5371,53,KOTA KUPANG,-10.1632209,123.6017755
6101,61,KABUPATEN SAMBAS,1.52190995,109.4138089644859
6102,61,KABUPATEN BENGKAYANG,1.0157755,109.7080333243031
6103,61,KABUPATEN LANDAK,0.504635,109.707038346171
6104,61,KABUPATEN MEMPAWAH,0.3440181,109.10197611965154
6105,61,KABUPATEN SANGGAU,0.3502299,110.54704242825211
6106,61,KABUPATEN KETAPANG,-1.68149665,110.46476065438004
6107,61,KABUPATEN SINTANG,0.1927001,111.55981182271624
6108,61,KABUPATEN KAPUAS HULU,0.8274259500000001,112.79654118259097
6109,61,KABUPATEN SEKADAU,0.0171923,110.9290041681134
6110,61,KABUPATEN MELAWI,-0.72393595,111.6559533170987
6111,61,KABUPATEN KAYONG UTARA,-1.0435067,110.05894945380761
6112,61,KABUPATEN KUBU RAYA,-0.36948415,109.51235577106024
6171,61,KOTA PONTIANAK,-0.0226903,109.3447488
6172,61,KOTA SINGKAWANG,0.9069861,108.9889657
6201,62,KABUPATEN KOTAWARINGIN BARAT,-2.50421195,111.64680968632115
6202,62,KABUPATEN KOTAWARINGIN TIMUR,-2.251473,112.7854648787114
6203,62,KABUPATEN KAPUAS,-1.9228793,114.33636187676184
6204,62,KABUPATEN BARITO SELATAN,-1.9228793,114.7888903619555
6205,62,KABUPATEN BARITO UTARA,-0.75421105,115.04514465808126
6206,62,KABUPATEN SUKAMARA,-2.5602491,111.18377187972831
6207,62,KABUPATEN LAMANDAU,-1.77887445,111.41731653517351
6208,62,KABUPATEN SERUYAN,-2.12017655,112.16502507460933
6209,62,KABUPATEN KATINGAN,-1.85955785,113.33690507947381
6210,62,KABUPATEN PULANG PISAU,-2.746171,114.2622421
6211,62,KABUPATEN GUNUNG MAS,-0.9677894499999999,113.53571370933497
6212,62,KABUPATEN BARITO TIMUR,-1.98191085,115.18038763971668
6213,62,KABUPATEN MURUNG RAYA,-0.06845085000000001,114.17318186408708
6271,62,KOTA PALANGKA RAYA,-2.2072919,113.9164372
6301,63,KABUPATEN TANAH LAUT,-3.8440385,114.98885931183128
6302,63,KABUPATEN KOTA BARU,-2.7951096499999997,115.97125475603532
6303,63,KABUPATEN BANJAR,-3.277563,115.02843886396013
6304,63,KABUPATEN BARITO KUALA,-3.0192963500000003,114.6779323066177
6305,63,KABUPATEN TAPIN,-2.8622729500000004,115.01096398201116
6306,63,KABUPATEN HULU SUNGAI SELATAN,-2.71258085,115.15877705354862
6307,63,KABUPATEN HULU SUNGAI TENGAH,-2.6187576999999997,115.42929968958293
6308,63,KABUPATEN HULU SUNGAI UTARA,-2.4242448999999997,115.15970607601024
6309,63,KABUPATEN TABALONG,-1.8363209,115.51553368747264
6310,63,KABUPATEN TANAH BUMBU,-3.44733285,115.70639332550724
6311,63,KABUPATEN BALANGAN,-2.28789725,115.62054766845205
6371,63,KOTA BANJARMASIN,-3.3187496,114.5925828
6372,63,KOTA BANJAR BARU,-3.3209055999999997,114.59280717847668
6401,64,KABUPATEN PASER,-1.6896674,116.01582182012987
6402,64,KABUPATEN KUTAI BARAT,-0.42091525,115.7680451125
6403,64,KABUPATEN KUTAI KARTANEGARA,0.19563304999999998,116.20041670228474
6404,64,KABUPATEN KUTAI TIMUR,0.9453606999999999,117.01108842636916
6405,64,KABUPATEN BERAU,1.77675355,117.26917636895378
6409,64,KABUPATEN PENAJAM PASER UTARA,-1.1973862,116.56730326735101
6411,64,KABUPATEN MAHAKAM HULU,-1.252873,116.826717
6471,64,KOTA BALIKPAPAN,-1.2671033500000002,116.82301270705682
6472,64,KOTA SAMARINDA,-0.499574,117.15055669126566
6474,64,KOTA BONTANG,-0.42799095,117.21836924018092
6501,65,KABUPATEN MALINAU,2.6185545,115.69049695186618
6502,65,KABUPATEN BULUNGAN,2.76203405,117.07434677546522
6503,65,KABUPATEN TANA TIDUNG,3.5553285,117.04466025559535
6504,65,KABUPATEN NUNUKAN,3.9074565000000003,117.04235063789662
6571,65,KOTA TARAKAN,3.3000169,117.6330159
7101,71,KABUPATEN BOLAANG MONGONDOW,0.7207701,123.98703667287687
7102,71,KABUPATEN MINAHASA,1.2151679,124.7978881
7103,71,KABUPATEN KEPULAUAN SANGIHE,3.5527078999999997,125.54656453706113
7104,71,KABUPATEN KEPULAUAN TALAUD,4.2694929,126.81354994457188
7105,71,KABUPATEN MINAHASA SELATAN,1.07031,124.43616224074206
7106,71,KABUPATEN MINAHASA UTARA,1.5183648,125.00042644621239
7107,71,KABUPATEN BOLAANG MONGONDOW UTARA,0.7599112,123.48493750899733
7108,71,KABUPATEN SIAU TAGULANDANG BIARO,2.34951825,125.4202588827205
7109,71,KABUPATEN MINAHASA TENGGARA,0.98826725,124.7306505503255
7110,71,KABUPATEN BOLAANG MONGONDOW SELATAN,0.45333599999999996,124.17963002979505
7111,71,KABUPATEN BOLAANG MONGONDOW TIMUR,0.71156515,124.48952082579513
7171,71,KOTA MANADO,1.4513227,124.8327635
7172,71,KOTA BITUNG,1.45528,125.2554532
7173,71,KOTA TOMOHON,1.3094931,124.8273339
7174,71,KOTA KOTAMOBAGU,0.7409018,124.31173443560539
7201,72,KABUPATEN BANGGAI KEPULAUAN,-1.3518454,123.1808567
7202,72,KABUPATEN BANGGAI,-0.9210461,122.6975066
7203,72,KABUPATEN MOROWALI,-2.944080, 122.150481
7204,72,KABUPATEN POSO,-1.6568513,120.5421575
7205,72,KABUPATEN DONGGALA,-1.04782015,119.67584652002927
7206,72,KABUPATEN TOLI-TOLI,0.758639, 120.392877
7207,72,KABUPATEN BUOL,1.0123735,121.3120524
7208,72,KABUPATEN PARIGI MOUTONG,-0.23836055,119.95993110540971
7209,72,KABUPATEN TOJO UNA-UNA,-1.120138, 121.498007
7210,72,KABUPATEN SIGI,-1.431290, 119.815590
7211,72,KABUPATEN BANGGAI LAUT,-1.8427943,123.10260764338364
7212,72,KABUPATEN MOROWALI UTARA,-1.8418842,121.07716959122936
7271,72,KOTA PALU,-0.9051548,119.8722373
7301,73,KABUPATEN KEPULAUAN SELAYAR,-7.3014876,120.9626595
7302,73,KABUPATEN BULUKUMBA,-5.5544524,120.1907679
7303,73,KABUPATEN BANTAENG,-5.546706,119.944478
7304,73,KABUPATEN JENEPONTO,-5.5868753,119.68476729090487
7305,73,KABUPATEN TAKALAR,-5.427394850000001,119.44055669918984
7306,73,KABUPATEN GOWA,-5.21308445,119.44431928539511
7307,73,KABUPATEN SINJAI,-5.1235716,120.252565
7308,73,KABUPATEN MAROS,-5.0172971,119.57336679019949
7309,73,KABUPATEN PANGKAJENE DAN KEPULAUAN,-4.75444955,119.58931052015694
7310,73,KABUPATEN BARRU,-4.4337339,119.67782733955559
7311,73,KABUPATEN BONE,-4.5284404,120.3124154
7312,73,KABUPATEN SOPPENG,-4.358704,119.889472
7313,73,KABUPATEN WAJO,-4.1497786,120.0403197
7314,73,KABUPATEN SIDENRENG RAPPANG,-3.9204426,119.7929012
7315,73,KABUPATEN PINRANG,-6.1797734,106.8716617
7316,73,KABUPATEN ENREKANG,-3.56327355,119.77391886380244
7317,73,KABUPATEN LUWU,-2.516981,120.8097464
7318,73,KABUPATEN TANA TORAJA,-3.1169403,119.6937644
7322,73,KABUPATEN LUWU UTARA,-2.5528106,120.3185347
7325,73,KABUPATEN LUWU TIMUR,-2.516981,120.8097464
7326,73,KABUPATEN TORAJA UTARA,-2.861242,119.84201182894404
7371,73,KOTA MAKASSAR,-5.13504075,119.40797112442243
7372,73,KOTA PAREPARE,-4.0107955,119.63544310887674
7373,73,KOTA PALOPO,-2.99572155,120.19334383736242
7401,74,KABUPATEN BUTON,-5.35434535,122.95065902964967
7402,74,KABUPATEN MUNA,-4.91914965,122.69183393178335
7403,74,KABUPATEN KONAWE,-3.5116689,121.6523286664166
7404,74,KABUPATEN KOLAKA,-4.1213511,121.69294438375823
7405,74,KABUPATEN KONAWE SELATAN,-4.2599184999999995,122.4498522428052
7406,74,KABUPATEN BOMBANA,-4.6392558,121.75721102650508
7407,74,KABUPATEN WAKATOBI,-5.3156704,123.58504369734993
7408,74,KABUPATEN KOLAKA UTARA,-3.2605039,121.09339837246316
7409,74,KABUPATEN BUTON UTARA,-4.7565043,122.94891595135141
7410,74,KABUPATEN KONAWE UTARA,-3.4549579,121.97625695169512
7411,74,KABUPATEN KOLAKA TIMUR,-3.8207324,121.75419864566027
7412,74,KABUPATEN KONAWE KEPULAUAN,-4.1194809,123.09856387058304
7413,74,KABUPATEN MUNA BARAT,-4.803671250000001,122.45145451148004
7414,74,KABUPATEN BUTON TENGAH,-5.291808100000001,122.38827762502814
7415,74,KABUPATEN BUTON SELATAN,-5.5913914,122.70189476021284
7471,74,KOTA KENDARI,-3.9918068,122.5180066
7472,74,KOTA BAUBAU,-5.4565884,122.6108644
7501,75,KABUPATEN BOALEMO,0.6876201500000001,122.3356833162286
7502,75,KABUPATEN GORONTALO,0.70118015,122.72330950262128
7503,75,KABUPATEN POHUWATO,0.70182105,121.64707463776901
7504,75,KABUPATEN BONE BOLANGO,0.5564031,123.30997053104662
7505,75,KABUPATEN GORONTALO UTARA,0.86619755,123.04952863746922
7571,75,KOTA GORONTALO,0.9079149,123.1039855
7601,76,KABUPATEN MAJENE,-3.5459286,118.9607438
7602,76,KABUPATEN POLEWALI MANDAR,-3.3031896,119.1450522025905
7603,76,KABUPATEN MAMASA,-3.0003659000000003,119.32090868335239
7604,76,KABUPATEN MAMUJU,-2.5394186999999997,119.38894553016581
7605,76,KABUPATEN MAMUJU UTARA,-1.594928,119.507014
7606,76,KABUPATEN MAMUJU TENGAH,-2.02144175,119.54054466300155
8101,81,KABUPATEN MALUKU TENGGARA BARAT,-7.584198,131.414426
8102,81,KABUPATEN MALUKU TENGGARA,-5.77148835,132.73776002114303
8103,81,KABUPATEN MALUKU TENGAH,-3.1214456,129.45999219128663
8104,81,KABUPATEN BURU,-3.3539094499999997,126.64891836944999
8105,81,KABUPATEN KEPULAUAN ARU,-6.2281475,134.49796567482778
8106,81,KABUPATEN SERAM BAGIAN BARAT,-3.1642057,128.48365583768998
8107,81,KABUPATEN SERAM BAGIAN TIMUR,-3.42315865,130.3910924134346
8108,81,KABUPATEN MALUKU BARAT DAYA,-7.786720600000001,126.24278269900458
8109,81,KABUPATEN BURU SELATAN,-3.4866756,126.35015283292451
8171,81,KOTA AMBON,-3.6959434,128.178785
8172,81,KOTA TUAL,-5.6389933,132.7429249
8201,82,KABUPATEN HALMAHERA BARAT,1.36310545,127.57379580323675
8202,82,KABUPATEN HALMAHERA TENGAH,0.3888811,128.58322374326178
8203,82,KABUPATEN KEPULAUAN SULA,-1.8625438,125.83064683040956
8204,82,KABUPATEN HALMAHERA SELATAN,-1.53437,127.71655904814762
8205,82,KABUPATEN HALMAHERA UTARA,1.6178705,127.8584679014164
8206,82,KABUPATEN HALMAHERA TIMUR,1.0027852,128.24879355139635
8207,82,KABUPATEN PULAU MOROTAI,2.31292335,128.4418555663806
8208,82,KABUPATEN PULAU TALIABU,-1.83147585,124.82997906132019
8271,82,KOTA TERNATE,0.7852338,127.3831752
8272,82,KOTA TIDORE KEPULAUAN,0.6786796,127.4483156
9101,91,KABUPATEN FAKFAK,-3.27040235,133.08884774738942
9102,91,KABUPATEN KAIMANA,-3.51583585,134.3165746374882
9103,91,KABUPATEN TELUK WONDAMA,-2.63252505,134.5661466112706
9104,91,KABUPATEN TELUK BINTUNI,-2.1138854,133.5287755
9105,91,KABUPATEN MANOKWARI,-0.9776762,133.7538039365594
9106,91,KABUPATEN SORONG SELATAN,-1.6430519499999998,132.25495264440897
9107,91,KABUPATEN SORONG,-1.154763,131.5336145421483
9108,91,KABUPATEN RAJA AMPAT,-0.7125553,130.30344727618905
9109,91,KABUPATEN TAMBRAUW,-0.85012825,132.7243580581813
9110,91,KABUPATEN MAYBRAT,-1.40394355,132.58714953379473
9111,91,KABUPATEN MANOKWARI SELATAN,-1.5250221,134.07102927460716
9112,91,KABUPATEN PEGUNUNGAN ARFAK,-1.2611918,133.64920593790498
9171,91,KOTA SORONG,-0.8634105,131.2544805
9401,94,KABUPATEN MERAUKE,-7.7925193,140.01832515
9402,94,KABUPATEN JAYAWIJAYA,-4.1152786500000005,138.9650305928116
9403,94,KABUPATEN JAYAPURA,-3.03711605,139.9470355822034
9404,94,KABUPATEN NABIRE,-3.34679705,135.95027197764264
9408,94,KABUPATEN KEPULAUAN YAPEN,-1.7558371,136.36645232326111
9409,94,KABUPATEN BIAK NUMFOR,-1.159205,136.078521
9410,94,KABUPATEN PANIAI,-3.7426380999999997,136.37780657611273
9411,94,KABUPATEN PUNCAK JAYA,-3.7009102,137.9649142
9412,94,KABUPATEN MIMIKA,-4.5875258500000005,136.94779637745836
9413,94,KABUPATEN BOVEN DIGOEL,-6.1058244,140.3130821
9414,94,KABUPATEN MAPPI,-6.329553300000001,139.2877311769568
9415,94,KABUPATEN ASMAT,-5.53144865,138.78969207926625
9416,94,KABUPATEN YAHUKIMO,-4.3739457999999996,139.46481619972155
9417,94,KABUPATEN PEGUNUNGAN BINTANG,-4.47549205,140.55767765000002
9418,94,KABUPATEN TOLIKARA,-3.4496601,138.34912941377996
9419,94,KABUPATEN SARMI,-1.8546889,138.7492642
9420,94,KABUPATEN KEEROM,-3.3335921500000003,140.67266248352973
9426,94,KABUPATEN WAROPEN,-2.71879645,136.65041114488832
9427,94,KABUPATEN SUPIORI,-0.7535972,135.63496449965294
9428,94,KABUPATEN MAMBERAMO RAYA,-2.39570045,137.81688352876023
9429,94,KABUPATEN NDUGA,-4.443120199999999,138.22483809556405
9430,94,KABUPATEN LANNY JAYA,-3.9977349,138.37311646689645
9431,94,KABUPATEN MAMBERAMO TENGAH,-3.53354585,139.0177409193763
9432,94,KABUPATEN YALIMO,-3.7353308,139.55058153295795
9433,94,KABUPATEN PUNCAK,-3.62565005,137.4892466832411
9434,94,KABUPATEN DOGIYAI,-4.00475095,135.71669639990017
9435,94,KABUPATEN INTAN JAYA,-3.5229883,136.71846614467228
9436,94,KABUPATEN DEIYAI,-4.18793855,136.44531264172787
9471,94,KOTA JAYAPURA,-2.5387539,140.7037389
